﻿{
  "DefaultValues": {
    "ControlzEx.Colors.IdealForegroundColor": "White",
    "ControlzEx.Colors.DarkIdealForegroundDisabledColor": "#ADADAD",
    "ControlzEx.Colors.ExtremeHighlightColor": "#FFFFD232",
    "ControlzEx.Colors.DarkExtremeHighlightColor": "#FFF29536",
    "Theme.IsHighContrast": "false"
  },
  "BaseColorSchemes": [
    {
      "Name": "Dark",
      "Values": {
        "BlackColor": "#FFFFFFFF",
        "BlackColor20": "#51FFFFFF",
        "WhiteColor": "#FF252525",
        "WhiteColor20": "#51252525",
        "Gray1": "#FFF9F9F9",
        "Gray2": "#FF7F7F7F",
        "Gray3": "#FF9D9D9D",
        "Gray4": "#FFA59F93",
        "Gray5": "#FFB9B9B9",
        "Gray6": "#FFCCCCCC",
        "Gray7": "#FF7E7E7E",
        "Gray8": "#FF454545",
        "Gray9": "#5EC9C9C9",
        "Gray10": "#FF2F2F2F",
        "ControlzEx.Brushes.LabelTextBrush": "{StaticResource Gray6}"
      }
    },
    {
      "Name": "Light",
      "Values": {
        "BlackColor": "#FF000000",
        "BlackColor20": "#51000000",
        "WhiteColor": "#FFFFFFFF",
        "WhiteColor20": "#51FFFFFF",
        "Gray1": "#FF333333",
        "Gray2": "#FF7F7F7F",
        "Gray3": "#FF9D9D9D",
        "Gray4": "#FFA59F93",
        "Gray5": "#FFB9B9B9",
        "Gray6": "#FFCCCCCC",
        "Gray7": "#FFD8D8D9",
        "Gray8": "#FFE0E0E0",
        "Gray9": "#5EC9C9C9",
        "Gray10": "#FFF7F7F7",
        "ControlzEx.Brushes.LabelTextBrush": "{StaticResource BlackColor}"
      }
    }
  ],
  "ColorSchemes": [
    {
      "Name": "Blue",
      "Values": {
        "ControlzEx.Colors.AccentBaseColor": "#FF2B579A",
        "ControlzEx.Colors.AccentColor80": "#CC2B579A",
        "ControlzEx.Colors.AccentColor60": "#992B579A",
        "ControlzEx.Colors.AccentColor40": "#662B579A",
        "ControlzEx.Colors.AccentColor20": "#332B579A",
        "ControlzEx.Colors.HighlightColor": "#FF086F9E"
      }
    },
    {
      "Name": "Green",
      "Values": {
        "ControlzEx.Colors.AccentBaseColor": "#FF60A917",
        "ControlzEx.Colors.AccentColor80": "#CC60A917",
        "ControlzEx.Colors.AccentColor60": "#9960A917",
        "ControlzEx.Colors.AccentColor40": "#6660A917",
        "ControlzEx.Colors.AccentColor20": "#3360A917",
        "ControlzEx.Colors.HighlightColor": "#FF477D11"
      }
    },
    {
      "Name": "Green",
      "ForBaseColor": "Light",
      "IsHighContrast": true,
      "Values": {
        "ControlzEx.Colors.AccentBaseColor": "#FF60A917",
        "ControlzEx.Colors.AccentColor80": "#CC60A917",
        "ControlzEx.Colors.AccentColor60": "#9960A917",
        "ControlzEx.Colors.AccentColor40": "#6660A917",
        "ControlzEx.Colors.AccentColor20": "#3360A917",
        "ControlzEx.Colors.HighlightColor": "#FF477D11"
      }
    },
    {
      "Name": "Green",
      "ForBaseColor": "Dark",
      "IsHighContrast": true,
      "Values": {
        "ControlzEx.Colors.AccentBaseColor": "#FF60A917",
        "ControlzEx.Colors.AccentColor80": "#CC60A917",
        "ControlzEx.Colors.AccentColor60": "#9960A917",
        "ControlzEx.Colors.AccentColor40": "#6660A917",
        "ControlzEx.Colors.AccentColor20": "#3360A917",
        "ControlzEx.Colors.HighlightColor": "#FF477D11",
        "ControlzEx.Brushes.LabelTextBrush": "{StaticResource ControlzEx.Colors.AccentBaseColor}"
      }
    },
    {
      "Name": "Yellow",
      "Values": {
        "ControlzEx.Colors.AccentBaseColor": "#FFFEDE06",
        "ControlzEx.Colors.AccentColor80": "#CCFEDE06",
        "ControlzEx.Colors.AccentColor60": "#99FEDE06",
        "ControlzEx.Colors.AccentColor40": "#66FEDE06",
        "ControlzEx.Colors.AccentColor20": "#33FEDE06",
        "ControlzEx.Colors.HighlightColor": "#FFBBA404"
      }
    }
  ]
}